﻿<?xml version="1.0" encoding="utf-8" standalone="no"?>
<unisens comment="" duration="3163" measurementId="Example Measurement" timestampStart="2010-12-22T14:42:59.521" version="2.0" xmlns:xsi="http://www.w3.org/2001/XMLSchema-instance" xsi:schemaLocation="http://www.unisens.org/unisens2.0 http://www.unisens.org/unisens2.0/unisens.xsd" xmlns="http://www.unisens.org/unisens2.0">
  <customAttributes>
    <customAttribute key="sensorTimeDrift" value="-1.5306476170067554E-5" />
    <customAttribute key="weight" value="65" />
    <customAttribute key="height" value="176" />
    <customAttribute key="sensorVersion" value="4849" />
    <customAttribute key="sensorType" value="ekgMove" />
    <customAttribute key="sectorCount" value="5869" />
    <customAttribute key="age" value="28" />
    <customAttribute key="sensorLocation" value="" />
    <customAttribute key="gender" value="F" />
    <customAttribute key="personId" value="002" />
    <customAttribute key="sensorSerialNumber" value="00000" />
  </customAttributes>
  <signalEntry adcResolution="16" comment="ecg" contentClass="ecg" dataType="int16" id="ecg.bin" lsbValue="0.0012207031068101062" sampleRate="1024" unit="mV">
    <binFileFormat endianess="LITTLE" />
    <channel name="ecg" />
  </signalEntry>
  <signalEntry adcResolution="16" comment="acc" contentClass="acc" dataType="int16" id="acc.bin" lsbValue="0.00390625" sampleRate="64" unit="g">
    <binFileFormat endianess="LITTLE" />
    <channel name="accX" />
    <channel name="accY" />
    <channel name="accZ" />
  </signalEntry>
  <signalEntry adcResolution="32" comment="press" contentClass="press" dataType="int32" id="press.bin" lsbValue="1" sampleRate="8" unit="Pa">
    <binFileFormat endianess="LITTLE" />
    <channel name="press" />
  </signalEntry>
  <signalEntry adcResolution="16" comment="temp" contentClass="temp" dataType="int16" id="temp.bin" lsbValue="0.1" sampleRate="1" unit="Grad Celsius">
    <binFileFormat endianess="LITTLE" />
    <channel name="temp" />
  </signalEntry>
  <eventEntry id="marker.csv" sampleRate="64">
    <csvFileFormat decimalSeparator="." separator=";" />
  </eventEntry>
</unisens>